{
  "Completion-Easy": 24.012150670737235,
  "Completion-Medium": 20.676743150715996
}